Date,Category,Description,Amount CAD,GST/HST Rate,GST/HST Amount,Net Amount,Payment Method,Invoice/Receipt,Status
2025-01-01,Revenue,App Subscription - Monthly,29.99,13%,3.90,26.09,Stripe,INV-001,Paid
2025-01-02,Revenue,App Subscription - Monthly,29.99,13%,3.90,26.09,Stripe,INV-002,Paid
2025-01-03,Expense,Hosting - Vercel Pro,20.00,13%,2.60,17.40,Credit Card,VERCEL-001,Paid
2025-01-04,Expense,Database - Supabase Pro,25.00,13%,3.25,21.75,Credit Card,SUPA-001,Paid
2025-01-05,Expense,Marketing - Google Ads,50.00,13%,6.50,43.50,Credit Card,GOOGLE-001,Paid
2025-01-06,Expense,Software - Zapier Pro,29.99,13%,3.90,26.09,Credit Card,ZAP-001,Paid
2025-01-07,Revenue,App Subscription - Monthly,29.99,13%,3.90,26.09,Stripe,INV-003,Paid
2025-01-08,Expense,Legal - Lawyer Consultation,200.00,13%,26.00,174.00,Credit Card,LEGAL-001,Paid
2025-01-09,Revenue,App Subscription - Annual,299.99,13%,39.00,260.99,Stripe,INV-004,Paid
2025-01-10,Expense,Design - Logo Update,150.00,13%,19.50,130.50,Credit Card,DESIGN-001,Paid

Monthly Totals:
Revenue Total,719.95
Expense Total,474.99
GST/HST Collected,93.59
GST/HST Paid,61.75
Net Profit,244.96

Notes:
- GST/HST rate: 13% for Ontario (adjust if other province)
- Track all income/expenses in CAD
- Maintain receipts/invoices for tax filing
- Monthly reconciliation recommended
- Export to QuickBooks/accounting software quarterly
